l9wHAQAAMAAJ,Гарри Поттер и кубок огня,J. K. Rowling
mmzhBwAAQBAJ,Гарри Поттер и философский камень - Harry Potter and the Philosopher's Stone,Дж. К. Роулинг
eNsHAQAAMAAJ,Гарри Поттер и тайная комната,J. K. Rowling
_GaYDQAAQBAJ,Как работает экономика: Что Rolling Stones, Гарри Поттер и большой спорт могут рассказать о свободном рынке,Д.Тамни
2BQ5IgAACAAJ,Гарри Поттер и узник Азкабана,J. K. Rowling
4lrHNwAACAAJ,Гарри Поттер: волшебство бренда,Стивен Браун
M6rFDQAAQBAJ,Джоан Роулинг. Всё о Гарри Поттере, жизни и любви,Софья Бенуа
cs7UkQEACAAJ,"Гарри Поттер" как филологический камень: семикнижие Джоан Роулинг в зеркале викторианской культуры и английского текста Первой мировой войны (WWI),Е. П. Барановская
l9wHAQAAMAAJ,Гарри Поттер и кубок огня,J. K. Rowling
mmzhBwAAQBAJ,Гарри Поттер и философский камень - Harry Potter and the Philosopher's Stone,Дж. К. Роулинг
eNsHAQAAMAAJ,Гарри Поттер и тайная комната,J. K. Rowling
_GaYDQAAQBAJ,Как работает экономика: Что Rolling Stones, Гарри Поттер и большой спорт могут рассказать о свободном рынке,Д.Тамни
2BQ5IgAACAAJ,Гарри Поттер и узник Азкабана,J. K. Rowling
4lrHNwAACAAJ,Гарри Поттер: волшебство бренда,Стивен Браун
M6rFDQAAQBAJ,Джоан Роулинг. Всё о Гарри Поттере, жизни и любви,Софья Бенуа
cs7UkQEACAAJ,"Гарри Поттер" как филологический камень: семикнижие Джоан Роулинг в зеркале викторианской культуры и английского текста Первой мировой войны (WWI),Е. П. Барановская
